new_id,original_id
0,0
1,1
2,2
3,3
4,4
5,5
6,6
7,7
8,8
9,9
10,10
11,11
12,12
13,13
14,14
15,15
16,16
17,17
18,18
19,19
20,20
21,21
22,22
23,23
24,24
25,25
26,26
27,27
28,28
29,29
30,30
31,31
32,32
33,33
34,34
35,35
36,36
37,37
38,38
39,39
40,40
41,41
42,42
43,43
44,44
45,45
46,46
47,47
48,48
49,49
50,50
51,52
52,53
53,54
54,55
55,56
56,57
57,58
58,59
59,60
60,61
61,62
62,63
63,64
64,65
65,66
66,67
67,68
68,69
69,70
70,71
71,72
72,73
73,74
74,75
75,76
76,77
77,78
78,79
79,80
80,81
81,82
82,83
83,84
84,85
85,86
86,87
87,88
88,89
89,90
90,91
91,92
92,93
93,94
94,95
95,96
96,97
97,98
98,99
99,100
100,101
101,102
102,103
103,104
104,105
105,106
106,107
107,108
108,109
109,110
110,111
111,112
112,113
113,114
114,115
115,116
116,117
117,118
118,119
119,120
120,121
121,122
122,123
123,124
124,125
125,126
126,127
127,128
128,129
129,130
130,131
131,132
132,133
133,134
134,135
135,136
136,137
137,138
138,139
139,140
140,141
141,142
142,143
143,144
144,145
145,146
146,147
147,148
148,149
149,150
150,151
151,152
152,153
153,154
154,155
155,156
156,157
157,158
158,159
159,160
160,161
161,162
162,163
163,164
164,165
165,166
166,167
167,168
168,169
169,170
170,171
171,172
172,173
173,174
174,175
175,176
176,177
177,178
178,179
179,180
180,181
181,182
182,183
183,184
184,185
185,186
186,187
187,188
188,189
189,190
190,191
191,192
192,193
193,194
194,195
195,196
196,197
197,198
198,199
199,200
200,201
201,202
202,203
203,204
204,205
205,206
206,207
207,208
208,209
209,210
210,211
211,212
212,213
213,214
214,215
215,216
216,217
217,218
218,219
219,220
220,221
221,222
222,223
223,224
224,225
225,226
226,227
227,228
228,229
229,230
230,231
231,232
232,233
233,234
234,235
235,236
236,237
237,238
238,239
239,240
240,241
241,242
242,243
243,244
244,245
245,246
246,247
247,248
248,249
249,250
250,251
251,252
252,253
253,254
254,255
255,256
256,257
257,258
258,259
259,260
260,261
261,262
262,263
263,264
264,265
265,266
266,267
267,268
268,269
269,270
270,271
271,272
272,273
273,274
274,275
275,276
276,277
277,278
278,279
279,280
280,281
281,282
282,283
283,284
284,285
285,286
286,287
287,288
288,289
289,290
290,291
291,292
292,293
293,294
294,295
295,296
296,297
297,298
298,299
299,300
300,301
301,302
302,303
303,304
304,305
305,306
306,307
307,308
308,309
309,310
310,311
311,312
312,313
313,314
314,315
315,316
316,317
317,318
318,319
319,320
320,321
321,322
322,323
323,324
324,325
325,326
326,327
327,328
328,329
329,330
330,331
331,332
332,333
333,334
334,335
335,336
336,337
337,338
338,339
339,340
340,341
341,342
342,343
343,344
344,345
345,346
346,347
347,348
348,349
349,350
350,351
351,352
352,353
353,354
354,355
355,356
356,357
357,358
358,359
359,360
360,361
361,362
362,363
363,364
364,365
365,366
366,367
367,368
368,369
369,370
370,371
371,372
372,373
373,374
374,375
375,376
376,377
377,378
378,379
379,380
380,381
381,382
382,383
383,384
384,385
385,386
386,387
387,388
388,389
389,390
390,391
391,392
392,393
393,394
394,395
395,396
396,397
397,398
398,399
399,400
400,401
401,402
402,403
403,404
404,405
405,406
406,407
407,408
408,409
409,410
410,411
411,412
412,413
413,414
414,415
415,416
416,417
417,418
418,419
419,420
420,421
421,422
422,423
423,424
424,425
425,426
426,427
427,428
428,429
429,430
430,431
431,432
432,433
433,434
434,435
435,436
436,437
437,438
438,439
439,440
440,441
441,442
442,443
443,444
444,445
445,446
446,447
447,448
448,449
449,450
450,451
451,452
452,453
453,454
454,455
455,456
456,457
457,458
458,459
459,460
460,461
461,462
462,463
463,464
464,465
465,466
466,467
467,468
468,469
469,470
470,471
471,472
472,473
473,474
474,475
475,476
476,477
477,478
478,479
479,480
480,481
481,482
482,483
483,484
484,485
485,486
486,487
487,488
488,489
489,490
490,491
491,492
492,493
493,494
494,495
495,496
496,497
497,498
498,499
499,500
500,501
501,502
502,503
503,504
504,505
505,506
506,507
507,509
508,510
509,511
510,512
511,513
512,514
513,515
514,516
515,517
516,518
517,519
518,520
519,521
520,522
521,523
522,524
523,525
524,526
525,527
526,528
527,529
528,530
529,531
530,532
531,533
532,534
533,535
534,536
535,537
536,538
537,539
538,540
539,541
540,542
541,543
542,544
543,545
544,546
545,547
546,548
547,549
548,550
549,551
550,552
551,553
552,554
553,555
554,556
555,557
556,558
557,559
558,560
559,561
560,562
561,563
562,564
563,565
564,566
565,567
566,568
567,569
568,570
569,571
570,572
571,573
572,574
573,575
574,576
575,577
576,578
577,579
578,580
579,581
580,582
581,583
582,584
583,585
584,586
585,587
586,588
587,589
588,590
589,591
590,592
591,593
592,594
593,595
594,596
595,597
596,598
597,599
598,600
599,601
600,602
601,603
602,604
603,605
604,606
605,607
606,608
607,609
608,610
609,611
610,612
611,613
612,614
613,615
614,616
615,617
616,618
617,619
618,620
619,621
620,622
621,623
622,624
623,625
624,626
625,627
626,628
627,629
628,630
629,631
630,632
631,633
632,634
633,635
634,636
635,637
636,638
637,639
638,640
639,641
640,642
641,643
642,644
643,645
644,646
645,647
646,648
647,649
648,650
649,651
650,652
651,653
652,654
653,655
654,656
655,657
656,658
657,659
658,660
659,661
660,662
661,663
662,664
663,665
664,666
665,667
666,668
667,669
668,670
669,671
670,672
671,673
672,674
673,675
674,676
675,677
676,678
677,679
678,680
679,681
680,682
681,683
682,684
683,685
684,686
685,687
686,688
687,689
688,690
689,691
690,692
691,693
692,694
693,695
694,696
695,697
696,698
697,699
698,700
699,701
700,702
701,703
702,704
703,705
704,706
705,707
706,708
707,709
708,710
709,711
710,712
711,713
712,714
713,715
714,716
715,717
716,718
717,719
718,720
719,721
720,722
721,723
722,724
723,725
724,726
725,727
726,728
727,729
728,730
729,731
730,732
731,733
732,734
733,735
734,736
735,737
736,738
737,739
738,740
739,741
740,742
741,743
742,744
743,745
744,746
745,747
746,748
747,749
748,750
749,751
750,752
751,753
752,754
753,755
754,756
755,757
756,758
757,759
758,760
759,761
760,763
761,764
762,765
763,766
764,767
765,768
766,769
767,770
768,771
769,772
770,773
771,774
772,775
773,776
774,777
775,778
776,779
777,780
778,781
779,782
780,783
781,784
782,785
783,786
784,787
785,788
786,789
787,790
788,791
789,792
790,793
791,794
792,795
793,796
794,797
795,798
796,799
797,800
798,801
799,802
800,803
801,804
802,805
803,806
804,807
805,808
806,809
807,810
808,811
809,812
810,813
811,814
812,815
813,816
814,817
815,818
816,819
817,820
818,821
819,822
820,823
821,824
822,825
823,826
824,827
825,828
826,829
827,830
828,831
829,832
830,833
831,834
832,835
833,836
834,837
835,838
836,839
837,840
838,841
839,842
840,843
841,844
842,845
843,846
844,847
845,848
846,849
847,850
848,851
849,852
850,853
851,854
852,855
853,856
854,857
855,858
856,859
857,860
858,861
859,862
860,863
861,864
862,865
863,866
864,867
865,868
866,869
867,870
868,871
869,872
870,873
871,874
872,875
873,876
874,877
875,879
876,880
877,881
878,882
879,883
880,884
881,885
882,886
883,887
884,888
885,889
886,890
887,891
888,892
889,893
890,894
891,895
892,896
893,897
894,898
895,899
896,900
897,901
898,902
899,903
900,904
901,905
902,906
903,907
904,908
905,909
906,910
907,911
908,912
909,913
910,914
911,915
912,916
913,917
914,918
915,919
916,920
917,921
918,922
919,923
920,924
921,925
922,926
923,927
924,928
925,929
926,930
927,931
928,932
929,933
930,934
931,935
932,936
933,937
934,938
935,939
936,940
937,941
938,942
939,943
940,944
941,945
942,946
943,947
944,948
945,949
946,950
947,951
948,952
949,953
950,954
951,955
952,956
953,957
954,958
955,959
956,960
957,961
958,962
959,963
960,964
961,965
962,966
963,967
964,968
965,969
966,970
967,971
968,972
969,973
970,974
971,975
972,976
973,977
974,978
975,979
976,980
977,981
978,982
979,983
980,984
981,985
982,986
983,987
984,988
985,989
986,990
987,991
988,992
989,993
990,994
991,995
992,996
993,997
994,998
995,999
996,1000
997,1001
998,1002
999,1003
1000,1004
1001,1005
1002,1006
1003,1007
1004,1008
1005,1009
1006,1010
1007,1011
1008,1012
1009,1013
1010,1014
1011,1015
1012,1016
1013,1017
1014,1018
1015,1019
1016,1020
1017,1021
1018,1022
1019,1023
1020,1024
1021,1025
1022,1026
1023,1027
1024,1028
1025,1029
1026,1030
1027,1031
1028,1032
1029,1033
1030,1034
1031,1035
1032,1036
1033,1037
1034,1038
1035,1039
1036,1040
1037,1041
1038,1042
1039,1043
1040,1044
1041,1045
1042,1046
1043,1047
1044,1048
1045,1049
1046,1050
1047,1051
1048,1052
1049,1053
1050,1054
1051,1055
1052,1056
1053,1057
1054,1058
1055,1059
1056,1060
1057,1061
1058,1062
1059,1063
1060,1064
1061,1065
1062,1066
1063,1067
1064,1068
1065,1069
1066,1070
1067,1071
1068,1072
1069,1073
1070,1074
1071,1075
1072,1076
1073,1077
1074,1078
1075,1079
1076,1080
1077,1081
1078,1082
1079,1083
1080,1084
1081,1085
1082,1086
1083,1087
1084,1088
1085,1089
1086,1090
1087,1091
1088,1092
1089,1093
1090,1094
1091,1095
1092,1096
1093,1097
1094,1098
1095,1099
1096,1100
1097,1101
1098,1102
1099,1103
1100,1104
1101,1105
1102,1106
1103,1107
1104,1108
1105,1109
1106,1110
1107,1111
1108,1112
1109,1113
1110,1114
1111,1115
1112,1116
1113,1117
1114,1118
1115,1119
1116,1120
1117,1121
1118,1122
1119,1123
1120,1124
1121,1125
1122,1126
1123,1127
1124,1128
1125,1129
1126,1130
1127,1131
1128,1132
1129,1133
1130,1134
1131,1135
1132,1136
1133,1137
1134,1138
1135,1139
1136,1140
1137,1141
1138,1142
1139,1143
1140,1144
1141,1145
1142,1146
1143,1147
1144,1148
1145,1149
1146,1150
1147,1151
1148,1152
1149,1153
1150,1154
1151,1155
1152,1156
1153,1157
1154,1158
1155,1159
1156,1160
1157,1161
1158,1162
1159,1163
1160,1164
1161,1165
1162,1166
1163,1167
1164,1168
1165,1169
1166,1170
1167,1171
1168,1172
1169,1173
1170,1174
1171,1175
1172,1176
1173,1177
1174,1178
1175,1179
1176,1180
1177,1181
1178,1182
1179,1183
1180,1184
1181,1185
1182,1186
1183,1187
1184,1188
1185,1189
1186,1190
1187,1191
1188,1192
1189,1193
1190,1194
1191,1195
1192,1196
1193,1198
1194,1199
1195,1200
1196,1201
1197,1202
1198,1203
1199,1204
1200,1205
1201,1206
1202,1207
1203,1208
1204,1209
1205,1210
1206,1211
1207,1212
1208,1213
1209,1214
1210,1215
1211,1216
1212,1217
1213,1218
1214,1219
1215,1220
1216,1221
1217,1222
1218,1223
1219,1224
1220,1225
1221,1226
1222,1227
1223,1228
1224,1229
1225,1230
1226,1231
1227,1232
1228,1233
1229,1234
1230,1235
1231,1236
1232,1237
1233,1238
1234,1239
1235,1240
1236,1241
1237,1242
1238,1243
1239,1244
1240,1245
1241,1246
1242,1247
1243,1248
1244,1249
1245,1250
1246,1251
1247,1252
1248,1253
1249,1254
1250,1255
1251,1256
1252,1257
1253,1258
1254,1259
1255,1260
1256,1261
1257,1262
1258,1263
1259,1264
1260,1265
1261,1266
1262,1267
1263,1268
1264,1269
1265,1270
1266,1271
1267,1272
1268,1273
1269,1274
1270,1275
1271,1276
1272,1277
1273,1278
1274,1279
1275,1280
1276,1281
1277,1282
1278,1283
1279,1284
1280,1285
1281,1286
1282,1287
1283,1288
1284,1289
1285,1290
1286,1291
1287,1292
1288,1293
1289,1294
1290,1295
1291,1296
1292,1297
1293,1298
1294,1299
1295,1300
1296,1301
1297,1302
1298,1303
1299,1304
1300,1305
1301,1306
1302,1307
1303,1308
1304,1309
1305,1310
1306,1311
1307,1312
1308,1313
1309,1314
1310,1315
1311,1316
1312,1317
1313,1318
1314,1319
1315,1320
1316,1321
1317,1322
1318,1323
1319,1324
1320,1325
1321,1326
1322,1327
1323,1328
1324,1329
1325,1330
1326,1331
1327,1332
1328,1333
1329,1334
1330,1335
1331,1336
1332,1337
1333,1338
1334,1339
1335,1340
1336,1341
1337,1342
1338,1343
1339,1344
1340,1345
1341,1346
1342,1347
1343,1348
1344,1349
1345,1350
1346,1351
1347,1352
1348,1353
1349,1354
1350,1355
1351,1356
1352,1357
1353,1358
1354,1359
1355,1360
1356,1361
1357,1362
1358,1363
1359,1364
1360,1365
1361,1366
1362,1367
1363,1368
1364,1369
1365,1370
1366,1371
1367,1372
1368,1373
1369,1374
1370,1375
1371,1376
1372,1377
1373,1378
1374,1379
1375,1380
1376,1381
1377,1382
1378,1383
1379,1384
1380,1385
1381,1386
1382,1387
1383,1388
1384,1389
1385,1390
1386,1391
1387,1392
1388,1393
1389,1394
1390,1395
1391,1396
1392,1397
1393,1398
1394,1399
1395,1400
1396,1401
1397,1402
1398,1403
1399,1404
1400,1405
1401,1406
1402,1407
1403,1408
1404,1409
1405,1410
1406,1411
1407,1412
1408,1413
1409,1414
1410,1415
1411,1416
1412,1417
1413,1418
1414,1419
1415,1420
1416,1421
1417,1422
1418,1423
1419,1424
1420,1425
1421,1426
1422,1427
1423,1428
1424,1429
1425,1430
1426,1431
1427,1432
1428,1433
1429,1434
1430,1435
1431,1436
1432,1437
1433,1438
1434,1439
1435,1440
1436,1441
1437,1442
1438,1443
1439,1444
1440,1445
1441,1446
1442,1447
1443,1448
1444,1449
1445,1450
1446,1451
1447,1452
1448,1453
1449,1454
1450,1455
1451,1456
1452,1457
1453,1458
1454,1459
1455,1460
1456,1461
1457,1462
1458,1463
1459,1464
1460,1465
1461,1466
1462,1467
1463,1468
1464,1469
1465,1470
1466,1471
1467,1472
1468,1473
1469,1474
1470,1475
1471,1476
1472,1477
1473,1478
1474,1479
1475,1480
1476,1481
1477,1482
1478,1483
1479,1484
1480,1485
1481,1486
1482,1487
1483,1488
1484,1489
1485,1490
1486,1491
1487,1492
1488,1493
1489,1494
1490,1495
1491,1496
1492,1497
1493,1498
1494,1499
1495,1500
1496,1501
1497,1502
1498,1503
1499,1504
1500,1505
1501,1506
1502,1507
1503,1508
1504,1509
1505,1510
1506,1511
1507,1512
1508,1514
1509,1515
1510,1516
1511,1517
1512,1518
1513,1519
1514,1520
1515,1521
1516,1522
1517,1523
1518,1524
1519,1525
1520,1526
1521,1527
1522,1528
1523,1529
1524,1530
1525,1531
1526,1532
1527,1533
1528,1534
1529,1535
1530,1536
1531,1537
1532,1538
1533,1539
1534,1540
1535,1541
1536,1542
1537,1543
1538,1544
1539,1545
1540,1546
1541,1547
1542,1548
1543,1549
1544,1550
1545,1551
1546,1552
1547,1553
1548,1554
1549,1555
1550,1556
1551,1557
1552,1558
1553,1559
1554,1560
1555,1561
1556,1562
1557,1563
1558,1564
1559,1565
1560,1566
1561,1567
1562,1568
1563,1569
1564,1570
1565,1571
1566,1572
1567,1573
1568,1574
1569,1575
1570,1576
1571,1577
1572,1578
1573,1579
1574,1580
1575,1581
1576,1582
1577,1583
1578,1584
1579,1585
1580,1586
1581,1587
1582,1588
1583,1589
1584,1590
1585,1591
1586,1592
1587,1593
1588,1594
1589,1595
1590,1596
1591,1597
1592,1598
1593,1599
1594,1600
1595,1601
1596,1602
1597,1603
1598,1604
1599,1605
1600,1606
1601,1607
1602,1608
1603,1609
1604,1610
1605,1611
1606,1612
1607,1613
1608,1614
1609,1615
1610,1616
1611,1617
1612,1618
1613,1619
1614,1620
1615,1621
1616,1622
1617,1623
1618,1624
1619,1625
1620,1626
1621,1627
1622,1628
1623,1629
1624,1630
1625,1631
1626,1632
1627,1633
1628,1634
1629,1635
1630,1636
1631,1637
1632,1638
1633,1639
1634,1640
1635,1641
1636,1642
1637,1643
1638,1644
1639,1645
1640,1646
1641,1647
1642,1648
1643,1649
1644,1650
1645,1651
1646,1652
1647,1653
1648,1654
1649,1655
1650,1656
1651,1657
1652,1658
1653,1659
1654,1660
1655,1661
1656,1662
1657,1663
1658,1664
1659,1665
1660,1666
1661,1667
1662,1668
1663,1669
1664,1670
1665,1671
1666,1672
1667,1673
1668,1674
1669,1675
1670,1676
1671,1677
1672,1678
1673,1679
1674,1680
1675,1681
1676,1682
1677,1683
1678,1684
1679,1685
1680,1686
1681,1687
1682,1688
1683,1689
1684,1690
1685,1691
1686,1692
1687,1693
1688,1694
1689,1695
1690,1696
1691,1697
1692,1698
1693,1699
1694,1700
1695,1701
1696,1702
1697,1703
1698,1704
1699,1705
1700,1706
1701,1707
1702,1708
1703,1709
1704,1710
1705,1711
1706,1712
1707,1713
1708,1714
1709,1715
1710,1716
1711,1717
1712,1718
1713,1719
1714,1720
1715,1721
1716,1722
1717,1723
1718,1724
1719,1725
1720,1726
1721,1727
1722,1728
1723,1729
1724,1730
1725,1731
1726,1732
1727,1733
1728,1734
1729,1735
1730,1736
1731,1737
1732,1738
1733,1739
1734,1740
1735,1741
1736,1742
1737,1743
1738,1744
1739,1745
1740,1746
1741,1747
1742,1748
1743,1749
1744,1750
1745,1751
1746,1752
1747,1753
1748,1754
1749,1755
1750,1756
1751,1757
1752,1758
1753,1759
1754,1760
1755,1761
1756,1762
1757,1763
1758,1764
1759,1765
1760,1766
1761,1767
1762,1768
1763,1769
1764,1770
1765,1771
1766,1772
1767,1773
1768,1774
1769,1775
1770,1776
1771,1777
1772,1778
1773,1779
1774,1780
1775,1781
1776,1782
1777,1783
1778,1784
1779,1785
1780,1786
1781,1787
1782,1788
1783,1789
1784,1790
1785,1791
1786,1792
1787,1793
1788,1794
1789,1795
1790,1796
1791,1797
1792,1798
1793,1799
1794,1800
1795,1801
1796,1802
1797,1803
1798,1804
1799,1805
1800,1807
1801,1808
1802,1809
1803,1810
1804,1811
1805,1812
1806,1813
1807,1814
1808,1815
1809,1816
1810,1817
1811,1818
1812,1819
1813,1820
1814,1821
1815,1822
1816,1823
1817,1824
1818,1825
1819,1826
1820,1827
1821,1828
1822,1829
1823,1830
1824,1831
1825,1832
